{"loss": [22.112489700317383, 13.392973899841309, 10.942553520202637, 9.318036079406738, 8.567922592163086], "accuracy": [0.4517250061035156, 0.5374249815940857, 0.5589249730110168, 0.5786499977111816, 0.5886250138282776], "val_loss": [13.250252723693848, 8.794413566589355, 6.914478302001953, 9.326626777648926, 10.679060935974121], "val_accuracy": [0.5109000205993652, 0.5612999796867371, 0.5911999940872192, 0.5461000204086304, 0.555899977684021]}