{"loss": [4.695686340332031, 3.8613758087158203, 3.2802443504333496, 2.627079725265503, 2.2567384243011475, 1.8600175380706787, 1.606693148612976, 1.4210985898971558, 1.281947374343872, 1.142082929611206, 0.9885566830635071, 0.9572184681892395, 0.8000215888023376, 0.7796703577041626, 0.7231608033180237, 0.7006776332855225, 0.6300725936889648, 0.5876569151878357, 0.5354886651039124, 0.5817802548408508, 0.5102591514587402, 0.43140509724617004, 0.41800498962402344, 0.4667741358280182, 0.3684280812740326, 0.4038606882095337, 0.36171451210975647, 0.36826831102371216, 0.34497013688087463, 0.30060088634490967, 0.3533463180065155, 0.3348282277584076, 0.3278174102306366, 0.2912156581878662, 0.2988968789577484, 0.23938991129398346, 0.2865762412548065, 0.2539852261543274, 0.2661547362804413, 0.24915127456188202, 0.23797768354415894, 0.24734024703502655, 0.19604943692684174, 0.2487509846687317, 0.24885272979736328, 0.24902628362178802, 0.21607881784439087, 0.189086452126503, 0.24876217544078827, 0.22818666696548462, 0.18271350860595703, 0.21623821556568146, 0.2030123919248581, 0.1849774569272995, 0.2095108926296234, 0.20652464032173157, 0.2010316103696823, 0.2049189805984497, 0.1728101372718811, 0.19929496943950653, 0.21290549635887146, 0.17569194734096527, 0.19993412494659424, 0.15065760910511017, 0.21401001513004303, 0.21885287761688232, 0.1831434667110443, 0.1568572074174881, 0.162048801779747, 0.16735738515853882, 0.18784552812576294, 0.18096935749053955, 0.1739886850118637, 0.16455107927322388, 0.1943705528974533, 0.17103636264801025, 0.16534323990345, 0.13243389129638672, 0.13962134718894958, 0.16981275379657745, 0.16829416155815125, 0.14820556342601776, 0.12032999843358994, 0.1643865555524826, 0.17571525275707245, 0.14629356563091278, 0.1705002337694168, 0.1559641808271408, 0.19948460161685944, 0.11753848195075989, 0.15508729219436646, 0.167596697807312, 0.14079061150550842, 0.14354713261127472, 0.16967473924160004, 0.1403089463710785, 0.1434924602508545, 0.1591179221868515, 0.1682884246110916, 0.17681823670864105], "accuracy": [0.02437499910593033, 0.11249999701976776, 0.15687499940395355, 0.27250000834465027, 0.3449999988079071, 0.4481250047683716, 0.5062500238418579, 0.5637500286102295, 0.6031249761581421, 0.6393749713897705, 0.6868749856948853, 0.7006250023841858, 0.7443749904632568, 0.7587500214576721, 0.7718750238418579, 0.768750011920929, 0.7893750071525574, 0.8118749856948853, 0.8318750262260437, 0.8118749856948853, 0.831250011920929, 0.8556249737739563, 0.8612499833106995, 0.8543750047683716, 0.887499988079071, 0.8706250190734863, 0.8818749785423279, 0.8806250095367432, 0.8899999856948853, 0.9037500023841858, 0.890625, 0.8987500071525574, 0.8987500071525574, 0.9162499904632568, 0.8987500071525574, 0.921875, 0.9087499976158142, 0.921875, 0.9193750023841858, 0.9225000143051147, 0.925000011920929, 0.9200000166893005, 0.9356250166893005, 0.9181249737739563, 0.9225000143051147, 0.9125000238418579, 0.9293749928474426, 0.9399999976158142, 0.9306250214576721, 0.9293749928474426, 0.9443749785423279, 0.9293749928474426, 0.9431250095367432, 0.9443749785423279, 0.9318749904632568, 0.9368749856948853, 0.940625011920929, 0.9468749761581421, 0.9456250071525574, 0.9318749904632568, 0.9356250166893005, 0.9431250095367432, 0.9418749809265137, 0.9581249952316284, 0.9443749785423279, 0.9300000071525574, 0.9506250023841858, 0.9537500143051147, 0.9518749713897705, 0.9487500190734863, 0.9468749761581421, 0.9493749737739563, 0.9474999904632568, 0.9537500143051147, 0.9399999976158142, 0.9537500143051147, 0.9468749761581421, 0.9512500166893005, 0.9637500047683716, 0.9493749737739563, 0.9537500143051147, 0.9518749713897705, 0.9568750262260437, 0.9518749713897705, 0.9599999785423279, 0.9612500071525574, 0.9518749713897705, 0.9512500166893005, 0.9524999856948853, 0.9674999713897705, 0.9618750214576721, 0.9556249976158142, 0.9574999809265137, 0.9581249952316284, 0.9593750238418579, 0.9581249952316284, 0.9618750214576721, 0.9606249928474426, 0.9549999833106995, 0.9624999761581421], "val_loss": [4.244795322418213, 3.4473743438720703, 2.648453712463379, 2.081803798675537, 1.4842708110809326, 1.4788804054260254, 1.4762846231460571, 1.1516473293304443, 0.8170035481452942, 0.6579388976097107, 0.8124389052391052, 0.8482555150985718, 0.7148767113685608, 0.5259416103363037, 0.49881964921951294, 0.4563155472278595, 0.5031872391700745, 0.3310728371143341, 0.4717816114425659, 0.39540305733680725, 0.39708083868026733, 0.3746841549873352, 0.3136941194534302, 0.34444403648376465, 0.3442549407482147, 0.28207090497016907, 0.5769284963607788, 0.47179532051086426, 0.33476898074150085, 0.24405792355537415, 0.40460991859436035, 0.26754307746887207, 0.2061028927564621, 0.20252647995948792, 0.32977989315986633, 0.1933622509241104, 1.1038554906845093, 0.3582848608493805, 0.29332634806632996, 0.19507592916488647, 0.2449033111333847, 0.24343489110469818, 0.25322768092155457, 0.2253340780735016, 0.12358087301254272, 0.2195780873298645, 0.14328956604003906, 0.6684166789054871, 0.08375473320484161, 0.2258426696062088, 0.14721976220607758, 0.13941404223442078, 0.11302998661994934, 0.2825888395309448, 0.16421997547149658, 0.24032428860664368, 0.14464609324932098, 0.2126680165529251, 0.25949859619140625, 0.24954476952552795, 0.4833732843399048, 0.3834846019744873, 0.6423215270042419, 0.12377172708511353, 0.14081892371177673, 0.2318163812160492, 0.1138204038143158, 0.13338562846183777, 0.11435358971357346, 0.3971160650253296, 0.27056607604026794, 0.2908155024051666, 0.35611969232559204, 0.1950272172689438, 0.3158682882785797, 0.42634499073028564, 0.1476520597934723, 0.15158185362815857, 0.12455006688833237, 0.40384015440940857, 0.1489156037569046, 0.23086737096309662, 0.13299605250358582, 0.1630469560623169, 0.21522291004657745, 0.1733303964138031, 0.1629302203655243, 0.26223111152648926, 0.06417848914861679, 0.13986743986606598, 0.26053258776664734, 0.11478251218795776, 0.17113639414310455, 0.13223488628864288, 0.2725283205509186, 0.14426341652870178, 0.18160738050937653, 0.18194960057735443, 0.1420326679944992, 0.18407392501831055],