{"loss": [4.674481391906738, 3.9080090522766113, 3.142460346221924, 2.5569419860839844, 2.105520009994507, 1.8484610319137573, 1.527150273323059, 1.389776349067688, 1.174331545829773, 1.100604772567749, 0.9702636003494263, 0.8764429688453674, 0.8541743755340576, 0.7900930047035217, 0.706916093826294, 0.6517387628555298, 0.6057687997817993, 0.622012197971344, 0.5349380970001221, 0.5128902196884155, 0.4587225019931793, 0.48538294434547424, 0.4326659142971039, 0.4067399501800537, 0.43953073024749756, 0.3508811295032501, 0.3915462791919708, 0.36599186062812805, 0.3379491865634918, 0.33704647421836853, 0.3347158133983612, 0.32078540325164795, 0.28908270597457886, 0.3299577832221985, 0.2576683461666107, 0.286956250667572, 0.28036078810691833, 0.25410357117652893, 0.2639342248439789, 0.25343772768974304, 0.2751878499984741, 0.27862679958343506, 0.21105827391147614, 0.23754805326461792, 0.2683074176311493, 0.18879152834415436, 0.27082163095474243, 0.18527424335479736, 0.21987910568714142, 0.21680091321468353, 0.20891991257667542, 0.2323833405971527, 0.18969234824180603, 0.1851601004600525, 0.209941104054451, 0.1413324475288391, 0.21056054532527924, 0.1670752465724945, 0.20726066827774048, 0.14344152808189392, 0.2026076465845108, 0.16361957788467407, 0.17473676800727844, 0.16612252593040466, 0.1225624531507492, 0.15888147056102753, 0.19423645734786987, 0.21674810349941254, 0.12438934296369553, 0.16107983887195587, 0.13252176344394684, 0.1567547470331192, 0.14662441611289978, 0.1862257421016693, 0.1704680472612381, 0.153351828455925, 0.188014417886734, 0.12577849626541138, 0.1347666233778, 0.16139079630374908, 0.10028524696826935, 0.19523468613624573, 0.14630837738513947, 0.1336381584405899, 0.14625780284404755, 0.12781330943107605, 0.13099154829978943, 0.1731536090373993, 0.14364926517009735, 0.12893524765968323, 0.1353655457496643, 0.13172407448291779, 0.1543434113264084, 0.12576298415660858, 0.1746077984571457, 0.104977086186409, 0.14595603942871094, 0.14645911753177643, 0.14585237205028534, 0.14226692914962769], "accuracy": [0.029999999329447746, 0.09687499701976776, 0.19499999284744263, 0.28187501430511475, 0.38874998688697815, 0.4662500023841858, 0.5481250286102295, 0.590624988079071, 0.6293749809265137, 0.6606249809265137, 0.7024999856948853, 0.71875, 0.7256249785423279, 0.7481250166893005, 0.78125, 0.8012499809265137, 0.8037499785423279, 0.8125, 0.8393750190734863, 0.8450000286102295, 0.84375, 0.846875011920929, 0.862500011920929, 0.8656250238418579, 0.8675000071525574, 0.8818749785423279, 0.8700000047683716, 0.8848101496696472, 0.8981249928474426, 0.8862500190734863, 0.8943750262260437, 0.903124988079071, 0.9075000286102295, 0.8993750214576721, 0.9118750095367432, 0.9049999713897705, 0.9087499976158142, 0.9212499856948853, 0.9125000238418579, 0.9168750047683716, 0.9150000214576721, 0.9237499833106995, 0.9293749928474426, 0.9325000047683716, 0.9175000190734863, 0.9424999952316284, 0.909375011920929, 0.9412500262260437, 0.9312499761581421, 0.9337499737739563, 0.934374988079071, 0.9287499785423279, 0.940625011920929, 0.9456250071525574, 0.9381250143051147, 0.9543750286102295, 0.9387500286102295, 0.9412500262260437, 0.9368749856948853, 0.9487500190734863, 0.9418749809265137, 0.9431250095367432, 0.9462500214576721, 0.9468749761581421, 0.9606249928474426, 0.9518749713897705, 0.9437500238418579, 0.9375, 0.9631249904632568, 0.9568750262260437, 0.951265811920166, 0.9506250023841858, 0.9574999809265137, 0.9462500214576721, 0.9537500143051147, 0.9574999809265137, 0.9506250023841858, 0.9599999785423279, 0.9668750166893005, 0.9556249976158142, 0.9681249856948853, 0.9537500143051147, 0.9556249976158142, 0.9662500023841858, 0.9524999856948853, 0.9581249952316284, 0.9593750238418579, 0.9462500214576721, 0.9543750286102295, 0.9587500095367432, 0.9643750190734863, 0.956250011920929, 0.953125, 0.9631249904632568, 0.9574999809265137, 0.9737499952316284, 0.9556249976158142, 0.9612500071525574, 0.9593750238418579, 0.9568750262260437], "val_loss": [4.203085899353027, 3.200052499771118, 2.629739284515381, 2.0278422832489014, 1.633538842201233, 1.2292722463607788, 1.351773738861084, 0.9501914978027344, 0.9126359820365906, 0.7729405164718628, 0.8814852237701416, 0.5692553520202637, 0.5659675002098083, 0.4237275719642639, 0.6270094513893127, 0.8555673956871033, 0.5157773494720459, 0.46425020694732666, 0.3293229043483734, 0.3704882562160492, 0.5818520784378052, 0.3817008137702942, 0.2895507514476776, 0.32751232385635376, 0.24804586172103882, 0.27353718876838684, 0.20888040959835052, 0.221519336104393, 0.2794187068939209, 0.43578460812568665, 0.5078218579292297, 0.4717603921890259, 0.6155105829238892, 0.23984430730342865, 0.31197696924209595, 0.47701355814933777, 0.31352612376213074, 0.2998652160167694, 0.19397714734077454, 0.2918386161327362, 0.2076176106929779, 0.1476781815290451, 0.2557796239852905, 0.2460584044456482, 0.15594105422496796, 0.2731073498725891, 0.1731647253036499, 0.23558080196380615, 0.21485954523086548, 0.22194059193134308, 0.18905097246170044, 0.2663498818874359, 0.2512405216693878, 0.13191156089305878, 0.3013233542442322, 0.23704929649829865, 0.16779476404190063, 0.25028836727142334, 0.18551860749721527, 0.1206742376089096, 0.2384820580482483, 0.2720511257648468, 0.27714207768440247, 0.15433497726917267, 0.31584596633911133, 0.28732994198799133, 0.12093070894479752, 0.13853149116039276, 0.14318501949310303, 0.11304133385419846, 0.21781425178050995, 0.431266188621521, 0.19531592726707458, 0.15508978068828583, 0.15184853971004486, 0.32758522033691406, 0.2127460539340973, 0.20980331301689148, 0.203907310962677, 0.20787206292152405, 0.25896865129470825, 0.16797490417957306, 0.27085116505622864, 0.15389610826969147, 0.4764176309108734, 0.15180082619190216, 0.28405117988586426, 0.18972179293632507, 0.295410692691803, 0.15940289199352264, 0.1596587896347046, 0.1481783241033554, 0.27193957567214966, 0.19060862064361572, 0.19911105930805206, 0.13356155157089233, 0.2677464187145233, 0.14081576466560364, 0.11817768961191177, 0.15433849394321442],