{"loss": [3.8659374713897705, 0.8605844974517822, 0.4938223659992218, 0.31613340973854065, 0.19369010627269745, 0.18891343474388123, 0.14355343580245972, 0.1107780858874321, 0.06864040344953537, 0.07733491063117981, 0.058462921530008316, 0.07000485062599182, 0.04815959930419922, 0.05600044131278992, 0.043651558458805084, 0.03677399083971977, 0.03405040502548218, 0.01687271147966385, 0.02234044298529625, 0.02006637491285801, 0.06927809119224548, 0.03386615216732025, 0.012128281407058239, 0.021769091486930847, 0.011908126063644886], "accuracy": [0.4025000035762787, 0.7524999976158142, 0.8531249761581421, 0.9056249856948853, 0.940625011920929, 0.9368749856948853, 0.9587500095367432, 0.96875, 0.9756249785423279, 0.9800000190734863, 0.9806249737739563, 0.981249988079071, 0.9868749976158142, 0.9825000166893005, 0.9856250286102295, 0.987500011920929, 0.9868749976158142, 0.9918749928474426, 0.9893749952316284, 0.9931250214576721, 0.987500011920929, 0.9950000047683716, 0.9950000047683716, 0.9950000047683716, 0.9956250190734863], "val_loss": [1.8138573169708252, 0.9693319201469421, 0.881279468536377, 0.8604251742362976, 0.6759436130523682, 0.7479141354560852, 0.583441972732544, 0.47576087713241577, 0.37953639030456543, 0.5069166421890259, 0.41973498463630676, 0.4954602122306824, 0.43394774198532104, 0.4755733907222748, 0.6680355668067932, 0.4871506094932556, 0.4252246916294098, 0.47328320145606995, 0.5129189491271973, 0.6647810935974121, 0.6378105282783508, 0.5246997475624084, 0.4977129101753235, 0.2593173086643219, 0.33375084400177], "val_accuracy": [0.5799999833106995, 0.7674999833106995, 0.800000011920929, 0.8424999713897705, 0.8650000095367432, 0.8424999713897705, 0.8912500143051147, 0.8974999785423279, 0.9012500047683716, 0.9112499952316284, 0.9137499928474426, 0.8974999785423279, 0.9262499809265137, 0.9125000238418579, 0.9024999737739563, 0.9225000143051147, 0.9287499785423279, 0.9112499952316284, 0.9387500286102295, 0.9100000262260437, 0.9150000214576721, 0.925000011920929, 0.918749988079071, 0.9474999904632568, 0.9362499713897705]}